[{"model": "auth.group", "pk": 4, "fields": {"name": "mnj", "permissions": [3, 4, 15, 16]}}, {"model": "auth.group", "pk": 5, "fields": {"name": "مدیران", "permissions": []}}, {"model": "auth.group", "pk": 8, "fields": {"name": "mnjhbj", "permissions": [3, 4]}}, {"model": "auth.group", "pk": 9, "fields": {"name": "r324r24ff323221", "permissions": [1, 2, 3, 4, 9, 10, 11, 12, 5, 6, 7, 8, 13, 14, 15, 16, 47, 48, 49, 50, 29, 30, 31, 32, 43, 44, 45, 46, 37, 42, 41, 38, 39, 40, 33, 34, 35, 36, 59, 60, 61, 62, 63, 64, 65, 66, 17, 18, 19, 20, 91, 92, 93, 94, 51, 52, 53, 54, 55, 56, 57, 58, 119, 120, 121, 122, 123, 124, 125, 126, 103, 104, 105, 106, 107, 108, 109, 110, 111, 112, 113, 114, 115, 116, 117, 118, 131, 132, 133, 134, 25, 26, 27, 28, 87, 88, 89, 90, 67, 68, 69, 70, 83, 84, 85, 86, 99, 100, 101, 102, 71, 72, 73, 74, 75, 76, 77, 78, 79, 80, 81, 82, 95, 96, 97, 98, 127, 128, 129, 130, 21, 22, 23, 24]}}, {"model": "auth.user", "pk": 1, "fields": {"password": "pbkdf2_sha256$320000$yvn9jsW7cD3pzE486wXoC5$8kk+WpHr/QYJYY9BOoCJygli9uSe34C+orXksQnRqnE=", "last_login": "2026-06-25T19:42:32.847Z", "is_superuser": true, "username": "admin", "first_name": "", "last_name": "", "email": "admin@example.com", "is_staff": true, "is_active": true, "date_joined": "2025-12-03T09:23:45.198Z", "groups": [], "user_permissions": []}}, {"model": "auth.user", "pk": 2, "fields": {"password": "pbkdf2_sha256$320000$eyJXQ6BCap7sTI93LabWuJ$g4aWkjTsopxB5ccKCQ7Uxz0sYzFK6Cwvr3BlFhv2Drg=", "last_login": "2025-12-03T09:26:31.199Z", "is_superuser": true, "username": "poria", "first_name": "", "last_name": "", "email": "poria@example.com", "is_staff": true, "is_active": true, "date_joined": "2025-12-03T09:24:11.524Z", "groups": [], "user_permissions": []}}, {"model": "auth.user", "pk": 3, "fields": {"password": "pbkdf2_sha256$1000000$0yLj7IG7bafSbNj5QIZBvp$tx6f0Jh34WbQ8TFk+kTu4vfoawCePT1LuZAuk+tnVnE=", "last_login": "2025-12-04T12:51:13.671Z", "is_superuser": true, "username": "poria277", "first_name": "", "last_name": "", "email": "", "is_staff": true, "is_active": true, "date_joined": "2025-12-03T21:43:24.382Z", "groups": [], "user_permissions": []}}, {"model": "auth.user", "pk": 4, "fields": {"password": "pbkdf2_sha256$1000000$gXd2gPu94gVs2AH08cJvpR$/EDitkjq5G0e1ai+sGdVLYykn5vlmyivjxRoaYg6IGs=", "last_login": "2025-12-04T12:50:05.808Z", "is_superuser": false, "username": "baghban3", "first_name": "", "last_name": "", "email": "", "is_staff": true, "is_active": true, "date_joined": "2025-12-04T12:49:37.135Z", "groups": [], "user_permissions": []}}, {"model": "auth.user", "pk": 5, "fields": {"password": "pbkdf2_sha256$1000000$tqczLO2WTbs4L89u88Vic2$ehxkwETcbBInHH7B5znLXFseNRnv/lE1jiRYlFWFeGw=", "last_login": "2026-06-25T19:33:38.042Z", "is_superuser": true, "username": "poriabaghban", "first_name": "", "last_name": "", "email": "poriab426@gmail.com", "is_staff": true, "is_active": true, "date_joined": "2026-06-24T19:33:21.529Z", "groups": [], "user_permissions": []}}, {"model": "auth.user", "pk": 6, "fields": {"password": "pbkdf2_sha256$1000000$9v5Ofb7uS4tSMWA6qFoMqv$+8qT9j2ngsMY4uLWN19IOYbUViYMXMzforoYqmuzMeA=", "last_login": "2026-06-25T20:00:01.410Z", "is_superuser": false, "username": "karbar", "first_name": "", "last_name": "", "email": "", "is_staff": true, "is_active": true, "date_joined": "2026-06-24T19:33:23.676Z", "groups": [], "user_permissions": []}}, {"model": "sessions.session", "pk": "3tp69na6ju6760p66u4h5euhtr89jwdw", "fields": {"session_data": ".eJxVjEEOwiAQRe_C2pABRqAu3fcMZIBBqoYmpV0Z765NutDtf-_9lwi0rTVsnZcwZXERXpx-t0jpwW0H-U7tNss0t3WZotwVedAuxznz83q4fweVev3WZwBAk0oGtoPGSDolKIhcQDlyhJZT0cqZkhVmW5w12gzoyXmnowLx_gDgbDdm:1wcfot:9Dl8NiZXArfNSN8QYARgAV8ax1mYIxeP2vJt_ZZvVr8", "expire_date": "2026-07-09T08:52:23.811Z"}}, {"model": "sessions.session", "pk": "4m6j78223rglea69taze03gnkk0f4awm", "fields": {"session_data": ".eJxVjEEOwiAQRe_C2pCOtDPg0n3PQAYGpGpoUtqV8e7apAvd_vfefynP21r81tLiJ1EXher0uwWOj1R3IHeut1nHua7LFPSu6IM2Pc6SntfD_Tso3Mq3Ju5Nz8Y4IxAdEzu0HAcgyAhEgRGFkCwlDobO0FGCLFlcx0OyBtX7A9HEN4c:1wcTqR:02X08fZAnjOWAOPr_sL1DI4nhpckQtHQmUHvx3mDDDQ", "expire_date": "2026-07-08T20:05:11.989Z"}}, {"model": "sessions.session", "pk": "5j22uxsa4710usx4r22mpiojeblx69ec", "fields": {"session_data": ".eJxVjEEOgjAQRe_StWkoU4fi0j1naGamHUENTSisjHdXEha6_e-9_zKRtnWMW81LnJK5GGdOvxuTPPK8g3Sn-VaslHldJra7Yg9a7VBSfl4P9-9gpDp-a3QekAOA4Fk5NOIbcL0GEmxJfRfQAwOTIrJCx0g5twmd9F3jVJx5fwDPUjfO:1wcpx0:jsk4VBf2H4UMIY02Rq0--GAt8jAgJEWLMUtL76rO6h0", "expire_date": "2026-07-09T19:41:26.473Z"}}, {"model": "sessions.session", "pk": "7oifh85g15ec17rgext1d77a3xv6tii1", "fields": {"session_data": ".eJxVjEEOwiAQRe_C2pCOtDPg0n3PQAYGpGpoUtqV8e7apAvd_vfefynP21r81tLiJ1EXher0uwWOj1R3IHeut1nHua7LFPSu6IM2Pc6SntfD_Tso3Mq3Ju5Nz8Y4IxAdEzu0HAcgyAhEgRGFkCwlDobO0FGCLFlcx0OyBtX7A9HEN4c:1wcTsq:MDyy3hLqMhs02cekRRYDHPn465qP3Oie_Hhmgc_rg5E", "expire_date": "2026-07-08T20:07:40.924Z"}}, {"model": "sessions.session", "pk": "7oqio6ip486a8oo4mjs05k8tvym65m9g", "fields": {"session_data": ".eJxVjEEOgjAQRe_StWkoU4fi0j1naGamHUENTSisjHdXEha6_e-9_zKRtnWMW81LnJK5GGdOvxuTPPK8g3Sn-VaslHldJra7Yg9a7VBSfl4P9-9gpDp-a3QekAOA4Fk5NOIbcL0GEmxJfRfQAwOTIrJCx0g5twmd9F3jVJx5fwDPUjfO:1wcfeK:TnhABoXb1mprhqpujSGNuJk2dQS0VDhuJb5GktInPQ4", "expire_date": "2026-07-09T08:41:28.430Z"}}, {"model": "sessions.session", "pk": "b1sbmxcck8zsyaiang3iura8ylhj16py", "fields": {"session_data": ".eJxVjEEOgjAQRe_StWkoU4fi0j1naGamHUENTSisjHdXEha6_e-9_zKRtnWMW81LnJK5GGdOvxuTPPK8g3Sn-VaslHldJra7Yg9a7VBSfl4P9-9gpDp-a3QekAOA4Fk5NOIbcL0GEmxJfRfQAwOTIrJCx0g5twmd9F3jVJx5fwDPUjfO:1wcfcS:Dbr7FOEykv-LaEC-tgjfHWDmSJYE17Ro9QZz2d8dD2o", "expire_date": "2026-07-09T08:39:32.367Z"}}, {"model": "sessions.session", "pk": "b3wbczbw48xexi2syv06kvkp4h1yi94q", "fields": {"session_data": ".eJxVjEEOwiAQRe_C2pCOtDPg0n3PQAYGpGpoUtqV8e7apAvd_vfefynP21r81tLiJ1EXher0uwWOj1R3IHeut1nHua7LFPSu6IM2Pc6SntfD_Tso3Mq3Ju5Nz8Y4IxAdEzu0HAcgyAhEgRGFkCwlDobO0FGCLFlcx0OyBtX7A9HEN4c:1wcfXS:cQSYcC637zMiKsYPVE1R65QT8kRwlBnLbTiyEnlCHh4", "expire_date": "2026-07-09T08:34:22.150Z"}}, {"model": "sessions.session", "pk": "cvm21ip8ttrnxavir0anglrdpo653pfb", "fields": {"session_data": ".eJxVjDsOwyAQBe9CHaEF83PK9D4DWhYITiKQjF1FuXtsyUXSzsx7b-ZxW4vfelr8HNmVWXb5ZQHpmeoh4gPrvXFqdV3mwI-En7bzqcX0up3t30HBXvZ1EAMqGbMUxoHMKtpBGAIymkYdQNEOHaicEUI2AQGsdnoEApGTEIZ9vtO4N1I:1wcfnD:tVcBdMv8WktYN_dLAPlPdz0YtHbT1RC-ZIcmWLQd8Mw", "expire_date": "2026-07-09T08:50:39.652Z"}}, {"model": "sessions.session", "pk": "cxpdk5kjwfconxbjze8cei56lbqx0k5t", "fields": {"session_data": ".eJxVjEEOwiAQRe_C2pCOtDPg0n3PQAYGpGpoUtqV8e7apAvd_vfefynP21r81tLiJ1EXher0uwWOj1R3IHeut1nHua7LFPSu6IM2Pc6SntfD_Tso3Mq3Ju5Nz8Y4IxAdEzu0HAcgyAhEgRGFkCwlDobO0FGCLFlcx0OyBtX7A9HEN4c:1wcToQ:xGB0e6JpCWMQ6XqBuhYJ0-KYXXgYxhl2DCqjjE_fxxc", "expire_date": "2026-07-08T20:03:06.274Z"}}, {"model": "sessions.session", "pk": "d6xw3s1gpk224vcj5nr79eitoude3kpq", "fields": {"session_data": ".eJxVjEEOgjAQRe_StWkoU4fi0j1naGamHUENTSisjHdXEha6_e-9_zKRtnWMW81LnJK5GGdOvxuTPPK8g3Sn-VaslHldJra7Yg9a7VBSfl4P9-9gpDp-a3QekAOA4Fk5NOIbcL0GEmxJfRfQAwOTIrJCx0g5twmd9F3jVJx5fwDPUjfO:1wcfXf:mHgrCnooChoKSwoDnPCQ4im4OjKRFQjH3nKaDsN_deA", "expire_date": "2026-07-09T08:34:35.127Z"}}, {"model": "sessions.session", "pk": "gd48mt6y54k7wlyhdyvgv73j2zenv5i3", "fields": {"session_data": ".eJxVjEEOwiAQRe_C2pCOtDPg0n3PQAYGpGpoUtqV8e7apAvd_vfefynP21r81tLiJ1EXher0uwWOj1R3IHeut1nHua7LFPSu6IM2Pc6SntfD_Tso3Mq3Ju5Nz8Y4IxAdEzu0HAcgyAhEgRGFkCwlDobO0FGCLFlcx0OyBtX7A9HEN4c:1wcTLy:CPvNx1m_yZwl6eHoSZnLK6qqrK5_8-WWHW_J9nag8e0", "expire_date": "2026-07-08T19:33:42.083Z"}}, {"model": "sessions.session", "pk": "jk9mh032wepmq7jsbw8fpqbh3jc51uvj", "fields": {"session_data": ".eJxVjEEOwiAQRe_C2pCOtDPg0n3PQAYGpGpoUtqV8e7apAvd_vfefynP21r81tLiJ1EXher0uwWOj1R3IHeut1nHua7LFPSu6IM2Pc6SntfD_Tso3Mq3Ju5Nz8Y4IxAdEzu0HAcgyAhEgRGFkCwlDobO0FGCLFlcx0OyBtX7A9HEN4c:1wcTng:N_agk1M2-bsP8WgE2WwkuJ8vfmng4Mg9jFAaTuMidw0", "expire_date": "2026-07-08T20:02:20.714Z"}}, {"model": "sessions.session", "pk": "jkhej5v0d9uus7yjpmtaebmeqtiehu1c", "fields": {"session_data": ".eJxVjEEOwiAQRe_C2pCOtDPg0n3PQAYGpGpoUtqV8e7apAvd_vfefynP21r81tLiJ1EXher0uwWOj1R3IHeut1nHua7LFPSu6IM2Pc6SntfD_Tso3Mq3Ju5Nz8Y4IxAdEzu0HAcgyAhEgRGFkCwlDobO0FGCLFlcx0OyBtX7A9HEN4c:1wcqEz:tmS5R30guus9hJpiU_vBVNcnlTj57vFSZMBm7xLxge4", "expire_date": "2026-07-09T20:00:01.417Z"}}, {"model": "sessions.session", "pk": "mdohv6h30c0zeos3fox0rzor3hdme11g", "fields": {"session_data": ".eJxVjDsOAiEUAO9CbQh_H5b2noHAeyCrBpJltzLe3ZBsoe3MZN4sxH2rYR95DQuxC7Ps9MtSxGduU9Ajtnvn2Nu2LonPhB928Fun_Loe7d-gxlHnFkCDLASgTHTkjMMoMHvUCrVGSjILOnvQRTljrXdAgrw1JklTHEn2-QLVBDda:1wcjyI:TLlse7EM9dxGXP7F0DHmMxOF8T8kndUWrfcc1GCSuYc", "expire_date": "2026-07-09T13:18:22.772Z"}}, {"model": "sessions.session", "pk": "mmt3ruo1g1h6ari2pkn5qd1y3g31rpqe", "fields": {"session_data": ".eJxVjEEOgjAQRe_StWkoU4fi0j1naGamHUENTSisjHdXEha6_e-9_zKRtnWMW81LnJK5GGdOvxuTPPK8g3Sn-VaslHldJra7Yg9a7VBSfl4P9-9gpDp-a3QekAOA4Fk5NOIbcL0GEmxJfRfQAwOTIrJCx0g5twmd9F3jVJx5fwDPUjfO:1wcpy4:6Udrn26pmR-lXkCID2zxKmyj3JSL8ng-5YESrNqnxQs", "expire_date": "2026-07-09T19:42:32.853Z"}}, {"model": "sessions.session", "pk": "p4aazh0db31qtvlxqoluusq3pw24t2rx", "fields": {"session_data": ".eJxVjDsOAiEUAO9CbQh_H5b2noHAeyCrBpJltzLe3ZBsoe3MZN4sxH2rYR95DQuxC7Ps9MtSxGduU9Ajtnvn2Nu2LonPhB928Fun_Loe7d-gxlHnFkCDLASgTHTkjMMoMHvUCrVGSjILOnvQRTljrXdAgrw1JklTHEn2-QLVBDda:1wcppR:TmkvmCrqJ7NeWEaZE_g-g-SYu08GUdPetyWCftG3ba4", "expire_date": "2026-07-09T19:33:37.248Z"}}, {"model": "sessions.session", "pk": "qf1am41euwi4xb9ko950a20np5c6xe0n", "fields": {"session_data": ".eJxVjEEOwiAQRe_C2pCOtDPg0n3PQAYGpGpoUtqV8e7apAvd_vfefynP21r81tLiJ1EXher0uwWOj1R3IHeut1nHua7LFPSu6IM2Pc6SntfD_Tso3Mq3Ju5Nz8Y4IxAdEzu0HAcgyAhEgRGFkCwlDobO0FGCLFlcx0OyBtX7A9HEN4c:1wcTxy:JdJ7xl4q4E1OQznTL1DIi2LZZbCWBVxpv9LqPPInCyM", "expire_date": "2026-07-08T20:12:58.107Z"}}, {"model": "sessions.session", "pk": "r07alnxwv0gz4th772vvmvan0qfixz7t", "fields": {"session_data": ".eJxVjEEOwiAQRe_C2pCOtDPg0n3PQAYGpGpoUtqV8e7apAvd_vfefynP21r81tLiJ1EXher0uwWOj1R3IHeut1nHua7LFPSu6IM2Pc6SntfD_Tso3Mq3Ju5Nz8Y4IxAdEzu0HAcgyAhEgRGFkCwlDobO0FGCLFlcx0OyBtX7A9HEN4c:1wcTn8:5l2Ndv3Ug-cXcpT7I-8KQvxE39oCpts4IARVgJLnXuU", "expire_date": "2026-07-08T20:01:46.549Z"}}, {"model": "sessions.session", "pk": "saf8bq7embgcs9fxyerxsv7hb9edrlep", "fields": {"session_data": ".eJxVjEEOgjAQRe_StWkoU4fi0j1naGamHUENTSisjHdXEha6_e-9_zKRtnWMW81LnJK5GGdOvxuTPPK8g3Sn-VaslHldJra7Yg9a7VBSfl4P9-9gpDp-a3QekAOA4Fk5NOIbcL0GEmxJfRfQAwOTIrJCx0g5twmd9F3jVJx5fwDPUjfO:1wcfVk:fvP8Eg9xsA7zDKp4OR9Jww7kfMwGiugbTPbZlOsOzpk", "expire_date": "2026-07-09T08:32:36.424Z"}}, {"model": "sessions.session", "pk": "wdrlxld3mrrhkejw7a1c4zx9qmma7pyf", "fields": {"session_data": ".eJxVjEEOwiAQRe_C2pCxlA64dO8ZyMAwUjU0Ke3KeHfbpAvd_vfef6tA61LC2vIcRlYXZdTpd4uUnrnugB9U75NOU13mMepd0Qdt-jZxfl0P9--gUCtbbZOwGLHisk8khN4kROMd8AAG0XfRuXPvYQBxCNBvImFGjGDZ2U59vu55N3E:1vR8nh:K15xIeQHBxY2BMklajaRseXBBG9SRZSjwtl_yOYEWdM", "expire_date": "2025-12-18T12:51:13.675Z"}}, {"model": "sessions.session", "pk": "y4ap34cfxuv64eicdvmrd9798kmyirmp", "fields": {"session_data": ".eJxVjMEOwiAQRP-FsyEUFKhH7_0GsssuUjWQlPZk_Hdp0oOeJpn3Zt4iwLbmsDVewkziKpw4_XYI8cllB_SAcq8y1rIuM8pdkQdtcqrEr9vh_h1kaLmv1WUwmrRSpI3XGDVBD3Q-UTI8RgKHaL2CxKlrg9JgPVuK55Ftck58vu6WOIo:1wcfme:z2tHqa5lUKVbAlMk0PTC7rbFZISzctOHi_TP2htPOPs", "expire_date": "2026-07-09T08:50:04.230Z"}}, {"model": "sessions.session", "pk": "yjk6ecxksdsbruypytyihie7ivfqi7g3", "fields": {"session_data": ".eJxVjMsOwiAQRf-FtSG8QZfu-w0EZgapGkhKuzL-uzbpQrf3nHNfLKZtrXEbtMQZ2YVZdvrdcoIHtR3gPbVb59DbusyZ7wo_6OBTR3peD_fvoKZRv7UO0qB2MhvrQQdlvUdtAoHyqUh0qkABSgLoTEoIJwSicbI4cgq8z-z9AdJnN9E:1wcTLz:HC48IVYKVLRjBRHO4jiTFD6YsNaFVuevn2Qpm9zD1Z8", "expire_date": "2026-07-08T19:33:43.671Z"}}, {"model": "sessions.session", "pk": "z2puiqs2cjlva5wunt6h009topfp3ojx", "fields": {"session_data": ".eJxVjEEOwiAQRe_C2pCOtDPg0n3PQAYGpGpoUtqV8e7apAvd_vfefynP21r81tLiJ1EXher0uwWOj1R3IHeut1nHua7LFPSu6IM2Pc6SntfD_Tso3Mq3Ju5Nz8Y4IxAdEzu0HAcgyAhEgRGFkCwlDobO0FGCLFlcx0OyBtX7A9HEN4c:1wcTwx:PRaBuXlULkcDoLiH3r9rbQE5YJrJCdXLfJR_n4W8R9o", "expire_date": "2026-07-08T20:11:55.130Z"}}, {"model": "message.groupmessage", "pk": 29, "fields": {"group": 4, "user": 1, "content": "", "attachment": "", "message_type": "text", "created_at": "2026-06-25T19:30:23.925Z", "recipients": [6], "read_by": [1, 2, 3, 4, 5, 6]}}, {"model": "message.groupmessage", "pk": 30, "fields": {"group": 8, "user": 5, "content": "sghl", "attachment": "", "message_type": "text", "created_at": "2026-06-25T19:30:49.088Z", "recipients": [1, 2, 3, 4, 6], "read_by": []}}, {"model": "message.groupmessage", "pk": 31, "fields": {"group": 8, "user": 5, "content": "🙂", "attachment": "", "message_type": "sticker", "created_at": "2026-06-25T19:31:13.062Z", "recipients": [1, 2, 3, 4, 6], "read_by": []}}, {"model": "message.groupmessage", "pk": 32, "fields": {"group": 8, "user": 5, "content": "🙂", "attachment": "", "message_type": "sticker", "created_at": "2026-06-25T19:31:13.713Z", "recipients": [1, 2, 3, 4, 6], "read_by": []}}, {"model": "message.groupmessage", "pk": 33, "fields": {"group": 8, "user": 5, "content": "✅", "attachment": "", "message_type": "sticker", "created_at": "2026-06-25T19:31:16.758Z", "recipients": [1, 2, 3, 4, 6], "read_by": []}}, {"model": "message.groupmessage", "pk": 34, "fields": {"group": 8, "user": 5, "content": "✅", "attachment": "", "message_type": "sticker", "created_at": "2026-06-25T19:31:18.207Z", "recipients": [1, 2, 3, 4, 6], "read_by": []}}, {"model": "message.groupmessage", "pk": 35, "fields": {"group": 9, "user": 5, "content": "poriabaghban", "attachment": "", "message_type": "text", "created_at": "2026-06-25T19:31:52.954Z", "recipients": [1, 2, 3, 4, 6], "read_by": []}}, {"model": "message.groupmessage", "pk": 36, "fields": {"group": 9, "user": 5, "content": "سلام", "attachment": "", "message_type": "text", "created_at": "2026-06-25T19:32:08.100Z", "recipients": [1, 2, 3, 4, 6], "read_by": []}}, {"model": "message.groupmessage", "pk": 37, "fields": {"group": 9, "user": 5, "content": "👍", "attachment": "", "message_type": "sticker", "created_at": "2026-06-25T19:32:40.804Z", "recipients": [1, 2, 3, 4, 6], "read_by": []}}, {"model": "message.groupmessage", "pk": 38, "fields": {"group": 9, "user": 5, "content": "", "attachment": "chat_attachments/2026/06/16318_1.jpg", "message_type": "file", "created_at": "2026-06-25T19:32:47.932Z", "recipients": [1, 2, 3, 4, 6], "read_by": []}}, {"model": "message.groupmessage", "pk": 39, "fields": {"group": 9, "user": 5, "content": "", "attachment": "chat_attachments/2026/06/Untitled-1.png", "message_type": "file", "created_at": "2026-06-25T19:39:25.115Z", "recipients": [1, 2, 3, 4, 6], "read_by": []}}, {"model": "message.groupmessage", "pk": 40, "fields": {"group": 9, "user": 5, "content": "❤️", "attachment": "", "message_type": "sticker", "created_at": "2026-06-25T19:39:30.013Z", "recipients": [1, 2, 3, 4, 6], "read_by": []}}, {"model": "message.groupmessage", "pk": 41, "fields": {"group": 9, "user": 5, "content": "🙏", "attachment": "", "message_type": "sticker", "created_at": "2026-06-25T19:39:32.023Z", "recipients": [1, 2, 3, 4, 6], "read_by": []}}, {"model": "message.groupmessage", "pk": 42, "fields": {"group": 5, "user": 5, "content": "✅", "attachment": "", "message_type": "sticker", "created_at": "2026-06-25T19:47:11.693Z", "recipients": [1, 2, 3, 4, 6], "read_by": []}}, {"model": "message.groupmessage", "pk": 43, "fields": {"group": 5, "user": 5, "content": "✅", "attachment": "", "message_type": "sticker", "created_at": "2026-06-25T19:47:12.798Z", "recipients": [1, 2, 3, 4, 6], "read_by": []}}, {"model": "message.groupmessage", "pk": 44, "fields": {"group": 5, "user": 5, "content": "", "attachment": "chat_attachments/2026/06/poriabaghban_1.pdf", "message_type": "file", "created_at": "2026-06-25T19:47:32.134Z", "recipients": [1, 2, 3, 4, 6], "read_by": []}}, {"model": "message.groupmessage", "pk": 45, "fields": {"group": 5, "user": 5, "content": "", "attachment": "chat_attachments/2026/06/16318_1_8e62M8n.jpg", "message_type": "file", "created_at": "2026-06-25T19:48:08.843Z", "recipients": [1, 2, 3, 4, 6], "read_by": []}}, {"model": "blog.blogauthor", "pk": 1, "fields": {"user": 1, "bio": "مدیر سایت", "profile_image": "", "social_links": {}, "is_active": true, "created_at": "2025-12-03T09:35:35.509Z"}}, {"model": "blog.blogcategory", "pk": 1, "fields": {"name": "متفرقه", "slug": "general", "description": "پست‌های متفرقه", "color": "#007bff"}}, {"model": "blog.blogtag", "pk": 1, "fields": {"name": "dedqwdwdwqd", "slug": "dedqwdwdwqd"}}, {"model": "blog.blogpost", "pk": 2, "fields": {"title": "پست دوم - مدل‌های Django", "slug": "پست-دوم-مدلهای-django", "author": 1, "category": 1, "content": "توضیح جزئی درباره ORM...توضیح جزئی درباره ORM...توضیح جزئی درباره ORM...توضیح جزئی درباره ORM...توضیح جزئی درباره ORM...توضیح جزئی درباره ORM...توضیح جزئی درباره ORM...توضیح جزئی درباره ORM...توضیح جزئی درباره ORM...توضیح جزئی درباره ORM...", "excerpt": "درس داده‌بندی و مدل‌ها", "image": "", "status": "published", "is_featured": false, "created_at": "2025-12-03T09:35:35.537Z", "updated_at": "2026-06-25T19:55:24.212Z", "published_at": "2025-11-29T09:35:35.534Z", "views": 74, "likes": 8, "tags": []}}, {"model": "blog.blogpost", "pk": 3, "fields": {"title": "پست سوم - تمپلیت‌ها", "slug": "پست-سوم-تمپلیتها", "author": 1, "category": 1, "content": "تمپلیت سیستم Django...تمپلیت سیستم Django...تمپلیت سیستم Django...تمپلیت سیستم Django...تمپلیت سیستم Django...تمپلیت سیستم Django...تمپلیت سیستم Django...تمپلیت سیستم Django...تمپلیت سیستم Django...تمپلیت سیستم Django...", "excerpt": "کار با تمپلیت Django", "image": "", "status": "published", "is_featured": false, "created_at": "2025-12-03T09:35:35.544Z", "updated_at": "2026-06-26T11:24:42.324Z", "published_at": "2025-11-30T09:35:35.542Z", "views": 46, "likes": 6, "tags": []}}, {"model": "blog.blogpost", "pk": 4, "fields": {"title": "پست چهارم - Auth سیستم", "slug": "پست-چهارم-auth-سیستم", "author": 1, "category": 1, "content": "سیستم احراز هویت built-in...سیستم احراز هویت built-in...سیستم احراز هویت built-in...سیستم احراز هویت built-in...سیستم احراز هویت built-in...سیستم احراز هویت built-in...سیستم احراز هویت built-in...سیستم احراز هویت built-in...سیستم احراز هویت built-in...سیستم احراز هویت built-in...", "excerpt": "احراز هویت کاربران", "image": "", "status": "draft", "is_featured": false, "created_at": "2025-12-03T09:35:35.551Z", "updated_at": "2025-12-03T09:35:35.551Z", "published_at": null, "views": 20, "likes": 4, "tags": []}}, {"model": "blog.blogpost", "pk": 5, "fields": {"title": "پست پنجم - API ساخت", "slug": "پست-پنجم-api-ساخت", "author": 1, "category": 1, "content": "استفاده از Django REST Framework...استفاده از Django REST Framework...استفاده از Django REST Framework...استفاده از Django REST Framework...استفاده از Django REST Framework...استفاده از Django REST Framework...استفاده از Django REST Framework...استفاده از Django REST Framework...استفاده از Django REST Framework...استفاده از Django REST Framework...", "excerpt": "ایجاد API با Django", "image": "", "status": "draft", "is_featured": false, "created_at": "2025-12-03T09:35:35.558Z", "updated_at": "2025-12-03T09:35:35.558Z", "published_at": null, "views": 10, "likes": 2, "tags": []}}, {"model": "blog.blogcomment", "pk": 1, "fields": {"post": 3, "author": "احمد", "email": "ahmad@example.com", "content": "پست خوبی بود!", "created_at": "2025-12-03T09:35:35.567Z", "is_approved": true}}, {"model": "blog.blogcomment", "pk": 2, "fields": {"post": 3, "author": "فاطمه", "email": "fateme@example.com", "content": "مفید بود، متشکر", "created_at": "2025-12-03T09:35:35.575Z", "is_approved": true}}, {"model": "blog.blogcomment", "pk": 3, "fields": {"post": 3, "author": "علی", "email": "ali@example.com", "content": "بیشتر توضیح دهید", "created_at": "2025-12-03T09:35:35.583Z", "is_approved": true}}, {"model": "blog.blogcomment", "pk": 4, "fields": {"post": 2, "author": "تلغعباللبزل", "email": "pouriabaghban@gmail.com", "content": "khguyjfh\r\n", "created_at": "2026-06-24T15:49:08.914Z", "is_approved": true}}, {"model": "blog.blogcomment", "pk": 5, "fields": {"post": 2, "author": "تند1تنیدتنیدتنیتنی", "email": "poriabaghban@gmail.com", "content": "ekldxdlke", "created_at": "2026-06-24T16:55:17.151Z", "is_approved": true}}, {"model": "blog.blogcomment", "pk": 6, "fields": {"post": 3, "author": "متشکرم", "email": "poriabaghban@gmail.com", "content": "rtbtrt", "created_at": "2026-06-25T14:40:32.109Z", "is_approved": true}}, {"model": "blog.blogcomment", "pk": 7, "fields": {"post": 2, "author": "EWFEWFE", "email": "baghbanporia@gmail.com", "content": "hqxhk", "created_at": "2026-06-25T14:42:56.975Z", "is_approved": true}}, {"model": "blog.blogcomment", "pk": 8, "fields": {"post": 3, "author": "جنگو", "email": "baghban277@gmail.com", "content": "yrtr", "created_at": "2026-06-25T19:42:01.808Z", "is_approved": false}}, {"model": "blog.blogcomment", "pk": 9, "fields": {"post": 3, "author": "جنگو", "email": "baghban277@gmail.com", "content": "ddc", "created_at": "2026-06-25T19:42:13.609Z", "is_approved": false}}, {"model": "gallery.gallerycategory", "pk": 1, "fields": {"name": "شخصی", "description": "", "created_at": "2025-12-03T13:18:53.053Z"}}, {"model": "gallery.galleryimage", "pk": 1, "fields": {"title": "پوریا باغبان", "category": 1, "image": "gallery/poria.jpg", "description": "", "uploaded_by": 2, "created_at": "2025-12-03T13:19:03.229Z", "is_featured": true}}, {"model": "gallery.galleryimage", "pk": 2, "fields": {"title": "پوریا باغبان سعدابادی", "category": 1, "image": "gallery/poria_gfJdwG0.jpg", "description": "سلام", "uploaded_by": 1, "created_at": "2025-12-03T15:08:29.033Z", "is_featured": true}}, {"model": "contact.contactmessage", "pk": 1, "fields": {"name": "مهدی", "email": "mehdi@example.com", "phone": "", "subject": "سؤال درباره خدمات", "message": "آیا می‌توانید بیشتر توضیح دهید؟", "created_at": "2025-12-03T09:35:35.589Z", "is_read": true, "is_replied": false, "reply_message": null, "replied_at": null}}, {"model": "contact.contactmessage", "pk": 2, "fields": {"name": "نازنین", "email": "nazanin@example.com", "phone": "", "subject": "درخواست مشاوره", "message": "می‌خواهم برای پروژه مشاوره بگیرم", "created_at": "2025-12-03T09:35:35.596Z", "is_read": false, "is_replied": false, "reply_message": null, "replied_at": null}}, {"model": "contact.contactmessage", "pk": 3, "fields": {"name": "رضا", "email": "reza@example.com", "phone": "", "subject": "بازخورد", "message": "سایت شما فوق‌العاده است!", "created_at": "2025-12-03T09:35:35.601Z", "is_read": true, "is_replied": true, "reply_message": "پاسخ‌ها", "replied_at": "2025-12-03T07:35:35.599Z"}}, {"model": "pages.skill", "pk": 1, "fields": {"name": "HTML5", "percentage": 95, "category": "Frontend", "icon": "fa-brands fa-html5", "order": 1, "is_active": true}}, {"model": "pages.skill", "pk": 2, "fields": {"name": "CSS3", "percentage": 90, "category": "Frontend", "icon": "fa-brands fa-css3-alt", "order": 2, "is_active": true}}, {"model": "pages.skill", "pk": 3, "fields": {"name": "JavaScript", "percentage": 92, "category": "Frontend", "icon": "fa-brands fa-js", "order": 3, "is_active": true}}, {"model": "pages.skill", "pk": 4, "fields": {"name": "React", "percentage": 85, "category": "Frontend", "icon": "fa-brands fa-react", "order": 4, "is_active": false}}, {"model": "pages.skill", "pk": 5, "fields": {"name": "Python", "percentage": 88, "category": "Backend", "icon": "fa-brands fa-python", "order": 5, "is_active": true}}, {"model": "pages.skill", "pk": 6, "fields": {"name": "Django", "percentage": 87, "category": "Backend", "icon": "fa-solid fa-code", "order": 6, "is_active": true}}, {"model": "pages.skill", "pk": 7, "fields": {"name": "PostgreSQL", "percentage": 83, "category": "Database", "icon": "fa-solid fa-database", "order": 7, "is_active": false}}, {"model": "pages.skill", "pk": 8, "fields": {"name": "Git", "percentage": 90, "category": "Tools", "icon": "fa-brands fa-git-alt", "order": 8, "is_active": true}}, {"model": "pages.skill", "pk": 9, "fields": {"name": "Docker", "percentage": 80, "category": "DevOps", "icon": "fa-brands fa-docker", "order": 9, "is_active": true}}, {"model": "pages.skill", "pk": 10, "fields": {"name": "Bootstrap", "percentage": 92, "category": "Frontend", "icon": "fa-brands fa-bootstrap", "order": 10, "is_active": true}}, {"model": "pages.testimonial", "pk": 1, "fields": {"name": "ne", "title": "lljrglr", "message": "lkmlkmlytlljy", "rating": 5, "image": "testimonials/poria.jpg", "is_published": true, "order": 2, "created_at": "2025-12-04T08:51:53.589Z", "updated_at": "2025-12-04T09:54:00.894Z"}}, {"model": "pages.testimonial", "pk": 2, "fields": {"name": "negar", "title": "عالی", "message": "فلث4", "rating": 5, "image": "", "is_published": true, "order": 3, "created_at": "2025-12-04T09:32:16.459Z", "updated_at": "2025-12-04T09:54:00.880Z"}}, {"model": "pages.testimonial", "pk": 3, "fields": {"name": "negar", "title": "عالییی", "message": "قصصبر", "rating": 4, "image": "", "is_published": true, "order": 1, "created_at": "2025-12-04T09:45:27.654Z", "updated_at": "2025-12-04T09:45:27.654Z"}}, {"model": "pages.testimonial", "pk": 4, "fields": {"name": "poria", "title": "dwdws", "message": "fceefeas", "rating": 3, "image": "", "is_published": true, "order": 4, "created_at": "2025-12-04T12:38:25.865Z", "updated_at": "2025-12-04T12:52:43.130Z"}}, {"model": "pages.testimonial", "pk": 5, "fields": {"name": "Auto Test", "title": "ادمین", "message": "تست اضافه شدن خودکار", "rating": 5, "image": "", "is_published": true, "order": 0, "created_at": "2025-12-04T12:40:57.637Z", "updated_at": "2025-12-04T12:40:57.637Z"}}, {"model": "pages.testimonial", "pk": 6, "fields": {"name": "5h55u545", "title": "6ur6urturjrt", "message": "tjejth", "rating": 5, "image": "", "is_published": true, "order": 0, "created_at": "2025-12-04T12:52:38.433Z", "updated_at": "2025-12-04T12:52:38.433Z"}}, {"model": "podcast_app.podcast", "pk": 3, "fields": {"title": "یارنامه", "speaker": "پوریا باغبان", "description": "ثنکدثمنثصدرنمص", "transcript": "ثبکنثنمثنمصثب", "audio_file": "Shadmehr_Aghili_-_Hesse_Khoobie_320.mp3", "cover_image": "podcast_covers/16318_1_8e62M8n.jpg", "duration": "2", "created_at": "2026-06-25T13:22:25.621Z", "is_published": true, "category": "یارنامه"}}, {"model": "dashboard.userrole", "pk": 1, "fields": {"user": 4, "role": "editor", "is_active": true, "can_write": true, "can_edit": true, "can_delete": false, "can_manage_comments": false, "can_manage_users": false, "created_at": "2025-12-04T12:49:37.997Z", "updated_at": "2026-06-25T16:53:44.845Z"}}]